"Identificação do post","Identificação da conta","Nome de usuário da conta","Nome da conta",Descrição,"Duração (s)","Horário de publicação","Link permanente","Tipo de post","Comentário de dados",Data,Visualizações,Alcance,Curtidas,Compartilhamentos,Seguimentos,Comentários,Salvamentos
18335001931222591,17841434523673000,pura_terapia,"Pura Terapia","""Mas por que cannabis?""
Porque seu corpo já tem um sistema feito pra isso. O Sistema Endocanabinoide regula humor, sono e ansiedade, e a Cannabis Medicinal age diretamente nele.
Com prescrição médica, acompanhamento contínuo e dentro das normas da ANVISA: é saúde regulada, não alternativa.

A Pura Terapia te guia em cada etapa. Arrasta 👉

#puraterapia #cannabismedicinal #cannabisregulada #sistemaendocanabinoide #ANVISA #ansiedade #insonia

Fontes: PubMed (NCBI) · SciELO · ClinicalTrials.gov · CAPES Periódicos",0,"05/06/2026 08:00",https://www.instagram.com/p/DYAF-H4jE_J/,"Carrossel do Instagram",,Total,1070,592,23,6,4,2,1
18169436209411204,17841434523673000,pura_terapia,"Pura Terapia","Seu corpo já conhecia a cannabis antes de você. 
O Sistema Endocanabinoide existe em todo ser humano e é o responsável por equilibrar sono, dor, humor e ansiedade. A cannabis medicinal age exatamente nesse sistema, que a ciência estuda há décadas e centenas de pesquisas já confirmam. 

Arrasta pra ver o resumo mais claro sobre o assunto 👉

#puraterapia #endocanabinoide #saúdemental #ansiedade #insônia #ciênciaecannabis #cannabisterapeutica  #canabinóides

Fontes: PubMed Central (NCBI) · PubMed (NCBI)",0,"05/08/2026 08:00",https://www.instagram.com/p/DYFPiFnDKou/,"Carrossel do Instagram",,Total,382,166,16,3,1,0,0
17998460393764109,17841434523673000,pura_terapia,"Pura Terapia","Quantas vezes você minimizou o que sentia porque alguém disse que era frescura? Ansiedade não é drama. Insônia não é preguiça. Esgotamento não é fraqueza.
São sinais reais de um sistema nervoso pedindo atenção. Você não está exagerando. Você está precisando de cuidado. E existe um caminho. 

Fala com a gente pelo link na bio

#cannabis #cannabinoids #cannabinoid #cannabismedicinal #puraterapia",0,"05/11/2026 05:00",https://www.instagram.com/p/DYMpYjIH0TF/,"Imagem do Instagram",,Total,306,145,10,2,9,0,0
17894310975457299,17841434523673000,pura_terapia,"Pura Terapia","Antes de qualquer outra dúvida, essa é a que mais aparece: ""Cannabis Medicinal é legal?""
Sim. Desde 2015.
Com regulamentação clara da ANVISA, médicos habilitados e farmácias autorizadas. Na Pura Terapia® você tem tudo isso em um só lugar.

Pronta(o) pra dar o primeiro passo? Fala com a gente pelo link na bio. 💚

#cannabismedicinal #ANVISA #saudeonline #prescricaomedica #saudementalimporta

Fontes: ANVISA · Revista Científica UniRG",0,"05/13/2026 04:59",https://www.instagram.com/p/DYRyz00H-g2/,"Carrossel do Instagram",,Total,152,48,13,0,0,0,0
17985423551988414,17841434523673000,pura_terapia,"Pura Terapia","Cada um chega à Pura Terapia® com uma história diferente. Alguns buscando dormir de novo. Outros querendo parar de sentir aquela ansiedade que não dá trégua. Muitos depois de tentar outros caminhos por anos.
Se você se viu em algum desses slides, saiba: não precisa continuar tentando sozinha(o). A gente está aqui. Fala com a gente pelo link na bio

#puraterapia #cannabismedicinal #cannabisregulada #ansiedade #insonia #depressao #burnout #saudemental #saudementalimporta #tratamentoonline",0,"05/15/2026 08:00",https://www.instagram.com/p/DYXRG2mD8S1/,"Carrossel do Instagram",,Total,103,46,8,2,0,0,0
17900183886282473,17841434523673000,pura_terapia,"Pura Terapia","Cannabis Medicinal com médico especialista, regulada pela ANVISA e acessível pelo WhatsApp.
É assim que a Pura Terapia® opera. Com rigor, com cuidado e sem complicação. 
Link na bio para agendar

#puraterapia #cannabismedicinal #cannabisregulada #ANVISA #medicocannabis #consultaonline #saudeonline #cannabisterapeutica #prescricaomedica #cuidadointegrativo",0,"05/20/2026 08:00",https://www.instagram.com/p/DYkJEPpkYVC/,"Imagem do Instagram",,Total,40,21,7,0,0,0,0
18208172155338855,17841434523673000,pura_terapia,"Pura Terapia","Cuide-se hoje. Não amanhã. Não quando tiver mais tempo. Não quando estiver pior. Hoje.
É uma frase que a gente repete aqui porque acredita com força nela.

O link na bio leva você para o primeiro passo. 🌿

#puraterapia #cannabismedicinal #cannabisregulada #autocuidado #saudemental #saudementalimporta #cuidadoemocional  #tratamentoonline",0,"05/22/2026 13:00",https://www.instagram.com/p/DYp1AdOjEpF/,"Imagem do Instagram",,Total,206,116,5,1,0,0,0
18215900164322951,17841434523673000,pura_terapia,"Pura Terapia","Você merece um cuidado que faz sentido pra você. 

A Pura Terapia® nasceu pra ser isso: informação real, acolhimento de verdade e um caminho claro para um tratamento que funciona. 

Salva esse perfil, você vai querer voltar. 

#puraterapia #cannabismedicinal #cannabismedicine #saúdeonline #ANVISA #saúdemental",0,"05/04/2026 08:00",https://www.instagram.com/p/DX68YPUgVnB/,"Carrossel do Instagram",,Total,2099,958,52,10,46,8,0
18061695845447250,17841434523673000,pura_terapia,"Pura Terapia","Você não precisa de uma fila de espera, de um encaminhamento complicado, nem de sair de casa. A Pura Terapia foi pensada para ser o caminho mais direto entre você e o cuidado que você merece.

3 passos. 100% online. Sem burocracia.

01 → Consulta com especialista

02 → Prescrição personalizada

03 → Tratamento com segurança

Simples assim.

Arrasta pra ver como funciona 👉

#puraterapia #cannabismedicinal #cannabisregulada #consultaonline #prescricaomedica #ANVISA #saudeonline #tratamentoonline #saudeacessivel",0,"05/04/2026 14:01",https://www.instagram.com/p/DX7lrcRlQQj/,"Carrossel do Instagram",,Total,1868,608,32,10,7,4,1
